cultura,Finaluser,add
cultura,Finaluser,add
cultura,Finaluser,add
cultura,Finaluser,browse
cultura,Finaluser,delete
cultura,Finaluser,login
cultura,Finaluser,pay
cultura,Finaluser,pay
cultura,Finaluser,pay
cultura,Finaluser,pay
cultura,Finaluser,receive
cultura,Finaluser,receive
cultura,Finaluser,receive
cultura,Finaluser,search
cultura,Finaluser,search
cultura,Finaluser,subscribe
cultura,Finaluser,unsubscribe
cultura,Finaluser,update
cultura,Finaluser,update
cultura,Finaluser,update
cultura,Finaluser,view
cultura,Finaluser,view
cultura,Finaluser,view
MangaStore,Administrator,add
MangaStore,Administrator,delete
MangaStore,Administrator,delete
MangaStore,Administrator,manage
MangaStore,Administrator,update
MangaStore,Administrator,update
MangaStore,Administrator,view
MangaStore,Administrator,view
MangaStore,Administrator,view
MangaStore,Administrator,view
MangaStore,Contentcreator,add
MangaStore,Contentcreator,delete
MangaStore,Contentcreator,delete
MangaStore,Contentcreator,update
MangaStore,Contentdesigner,add
MangaStore,Contentdesigner,delete
MangaStore,Contentdesigner,update
MangaStore,Contentdesigner,update
MangaStore,Finaluser,login
MangaStore,Finaluser,subscribe
MangaStore,Finaluser,subscribe
MangaStore,Finaluser,view
MangaStore,Finaluser,view
MangaStore,Finaluser,view
MangaStore,Finaluser,view
MangaStore,Finaluser,view
MangaStore,Finaluser,view
MangaStore,Finaluser,view
MangaStore,Logisticsmanager,add
MangaStore,Logisticsmanager,add
MangaStore,Logisticsmanager,delete
MangaStore,Logisticsmanager,reject
MangaStore,Logisticsmanager,update
MangaStore,Logisticsmanager,update
MangaStore,Logisticsmanager,view
MangaStore,Logisticsmanager,view
MangaStore,Marketingmanager,add
MangaStore,Marketingmanager,add
MangaStore,Marketingmanager,delete
MangaStore,Marketingmanager,delete
MangaStore,Marketingmanager,update
MangaStore,Marketingmanager,update
MangaStore,Marketingmanager,view
mangahako,Administrator,add
mangahako,Contentcreator,add
mangahako,Contentcreator,delete
mangahako,Contentdesigner,update
mangahako,Customerrelationshipmanager,answer
mangahako,Finaluser,add
mangahako,Finaluser,browse
mangahako,Finaluser,contact
mangahako,Finaluser,contact
mangahako,Finaluser,delete
mangahako,Finaluser,login
mangahako,Finaluser,pay
mangahako,Finaluser,pay
mangahako,Finaluser,search
mangahako,Finaluser,subscribe
mangahako,Finaluser,update
mangahako,Finaluser,update
mangahako,Finaluser,update
mangahako,Finaluser,update
mangahako,Finaluser,view
mangahako,Finaluser,view
mangahako,Financialmanager,reject
mangahako,Financialmanager,validate
mangahako,Logisticsmanager,update
mangahako,Webdeveloper,secure
Mangatori,Administrator,view
Mangatori,Contentcreator,add
Mangatori,Finaluser,add
Mangatori,Finaluser,add
Mangatori,Finaluser,add
Mangatori,Finaluser,login
Mangatori,Finaluser,pay
Mangatori,Finaluser,receive
Mangatori,Finaluser,search
Mangatori,Finaluser,subscribe
Mangatori,Finaluser,view
Mangatori,Finaluser,view
Mangatori,Finaluser,view
Mangatori,Finaluser,view
Mangatori,Logisticsmanager,manage
Mangatori,Marketingmanager,update
bazardumanga,Administrator,add
bazardumanga,Administrator,login
bazardumanga,Administrator,login
bazardumanga,Customerrelationshipmanager,answer
bazardumanga,Finaluser,add
bazardumanga,Finaluser,add
bazardumanga,Finaluser,contact
bazardumanga,Finaluser,login
bazardumanga,Finaluser,login
bazardumanga,Finaluser,search
bazardumanga,Finaluser,subscribe
bazardumanga,Finaluser,subscribe
bazardumanga,Finaluser,update
bazardumanga,Finaluser,update
bazardumanga,Finaluser,update
bazardumanga,Finaluser,update
bazardumanga,Finaluser,update
bazardumanga,Finaluser,view
bazardumanga,Finaluser,view
bazardumanga,Webdeveloper,update
Verasia,Administrator,manage
Verasia,Contentcreator,add
Verasia,Contentcreator,delete
Verasia,Contentdesigner,update
Verasia,Customerrelationshipmanager,answer
Verasia,Finaluser,browse
Verasia,Finaluser,login
Verasia,Finaluser,pay
Verasia,Finaluser,search
Verasia,Finaluser,search
Verasia,Finaluser,subscribe
Verasia,Finaluser,update
Verasia,Finaluser,update
Verasia,Finaluser,view
Verasia,Finaluser,view
Verasia,Finaluser,view
Verasia,Finaluser,view
Verasia,Financialmanager,analyze
Verasia,Financialmanager,manage
Verasia,Logisticsmanager,manage
Kamehashop,Administrator,logout
Kamehashop,Administrator,manage
Kamehashop,Contentcreator,add
Kamehashop,Contentcreator,delete
Kamehashop,Contentcreator,update
Kamehashop,Contentdesigner,update
Kamehashop,Finaluser,add
Kamehashop,Finaluser,add
Kamehashop,Finaluser,add
Kamehashop,Finaluser,browse
Kamehashop,Finaluser,contact
Kamehashop,Finaluser,contact
Kamehashop,Finaluser,delete
Kamehashop,Finaluser,login
Kamehashop,Finaluser,logout
Kamehashop,Finaluser,pay
Kamehashop,Finaluser,pay
Kamehashop,Finaluser,pay
Kamehashop,Finaluser,receive
Kamehashop,Finaluser,search
Kamehashop,Finaluser,subscribe
Kamehashop,Finaluser,update
Kamehashop,Finaluser,update
Kamehashop,Finaluser,update
Kamehashop,Finaluser,update
Kamehashop,Finaluser,update
Kamehashop,Finaluser,update
Kamehashop,Finaluser,view
Kamehashop,Finaluser,view
Kamehashop,Finaluser,view
Kamehashop,Finaluser,view
Kamehashop,Webdeveloper,update
originalComics,Administrator,manage
originalComics,Contentcreator,add
originalComics,Contentdesigner,update
originalComics,Finaluser,add
originalComics,Finaluser,browse
originalComics,Finaluser,login
originalComics,Finaluser,pay
originalComics,Finaluser,search
originalComics,Finaluser,subscribe
originalComics,Finaluser,update
originalComics,Finaluser,view
originalComics,Finaluser,view
originalComics,Financialmanager,manage
originalComics,Intermediateseller,login
originalComics,Intermediateseller,subscribe
originalComics,Logisticsmanager,send
originalComics,Logisticsmanager,update
originalComics,Logisticsmanager,validate
originalComics,Webdeveloper,update
ARG-Montpellier,Contentcreator,add
ARG-Montpellier,Contentcreator,delete
ARG-Montpellier,Contentdesigner,send
ARG-Montpellier,Customerrelationshipmanager,answer
ARG-Montpellier,Customerrelationshipmanager,view
ARG-Montpellier,Finaluser,add
ARG-Montpellier,Finaluser,browse
ARG-Montpellier,Finaluser,contact
ARG-Montpellier,Finaluser,contact
ARG-Montpellier,Finaluser,search
ARG-Montpellier,Finaluser,subscribe
ARG-Montpellier,Finaluser,view
ARG-Montpellier,Finaluser,view
ARG-Montpellier,Financialmanager,update
ARG-Montpellier,Logisticsmanager,update
nippongo,Administrator,delete
nippongo,Administrator,update
nippongo,Administrator,view
nippongo,Contentcreator,add
nippongo,Contentcreator,delete
nippongo,Contentdesigner,add
nippongo,Contentdesigner,update
nippongo,Finaluser,add
nippongo,Finaluser,add
nippongo,Finaluser,add
nippongo,Finaluser,add
nippongo,Finaluser,browse
nippongo,Finaluser,browse
nippongo,Finaluser,compare
nippongo,Finaluser,delete
nippongo,Finaluser,login
nippongo,Finaluser,logout
nippongo,Finaluser,pay
nippongo,Finaluser,print
nippongo,Finaluser,search
nippongo,Finaluser,search
nippongo,Finaluser,subscribe
nippongo,Finaluser,subscribe
nippongo,Finaluser,unsubscribe
nippongo,Finaluser,update
nippongo,Finaluser,update
nippongo,Finaluser,update
nippongo,Finaluser,update
nippongo,Finaluser,update
nippongo,Finaluser,update
nippongo,Finaluser,update
nippongo,Finaluser,view
nippongo,Finaluser,view
nippongo,Finaluser,view
nippongo,Finaluser,view
nippongo,Finaluser,view
nippongo,Marketingmanager,add
nippongo,Marketingmanager,add
nippongo,Marketingmanager,delete
nippongo,Marketingmanager,delete
nippongo,Marketingmanager,update
nippongo,sitemoderator,delete
nippongo,sitemoderator,manage
manga-center,Administrator,delete
manga-center,Contentcreator,add
manga-center,Contentcreator,add
manga-center,Contentcreator,delete
manga-center,Customerrelationshipmanager,answer
manga-center,Finaluser,add
manga-center,Finaluser,login
manga-center,Finaluser,logout
manga-center,Finaluser,pay
manga-center,Finaluser,search
manga-center,Finaluser,search
manga-center,Finaluser,subscribe
manga-center,Finaluser,update
manga-center,Finaluser,update
manga-center,Finaluser,view
manga-center,Logisticsmanager,contact
manga-center,Logisticsmanager,manage
manga-center,Logisticsmanager,update
manga-center,Webdeveloper,secure
manga-occasion,Administrator,update
manga-occasion,Customerrelationshipmanager,view
manga-occasion,Finaluser,add
manga-occasion,Finaluser,add
manga-occasion,Finaluser,add
manga-occasion,Finaluser,add
manga-occasion,Finaluser,add
manga-occasion,Finaluser,contact
manga-occasion,Finaluser,login
manga-occasion,Finaluser,logout
manga-occasion,Finaluser,makeanoffer
manga-occasion,Finaluser,receive
manga-occasion,Finaluser,search
manga-occasion,Finaluser,subscribe
manga-occasion,Finaluser,update
manga-occasion,Finaluser,update
manga-occasion,Finaluser,update
manga-occasion,Finaluser,update
manga-occasion,Finaluser,view
manga-occasion,Finaluser,view
manga-occasion,Finaluser,view
manga-occasion,Finaluser,view
manga-occasion,Finaluser,view
manga-occasion,Finaluser,view
manga-occasion,Finaluser,view
manga-occasion,Intermediateseller,add
manga-occasion,Intermediateseller,delete
manga-occasion,Logisticsmanager,update
manga-occasion,Logisticsmanager,view
manga-occasion,Marketingmanager,add
manga-occasion,sitemoderator,delete
manga-occasion,sitemoderator,manage
manga-occasion,sitemoderator,update
kamehashop,Administrator,manage
kamehashop,Contentcreator,delete
kamehashop,Contentdesigner,update
kamehashop,Finaluser,add
kamehashop,Finaluser,add
kamehashop,Finaluser,add
kamehashop,Finaluser,browse
kamehashop,Finaluser,contact
kamehashop,Finaluser,delete
kamehashop,Finaluser,login
kamehashop,Finaluser,pay
kamehashop,Finaluser,search
kamehashop,Finaluser,subscribe
kamehashop,Finaluser,update
kamehashop,Finaluser,update
kamehashop,Finaluser,view
kamehashop,Finaluser,view
kamehashop,Finaluser,view
kamehashop,Financialmanager,analyze
kamehashop,Financialmanager,manage
kamehashop,Financialmanager,manage
kamehashop,Logisticsmanager,manage
kamehashop,Logisticsmanager,update
kamehashop,Logisticsmanager,update
kamehashop,Logisticsmanager,validate
kamehashop,Logisticsmanager,view
kamehashop,Webdeveloper,develop
kamehashop,Webdeveloper,evaluate
kamehashop,Webdeveloper,update
kamehashop,Webdeveloper,update
Manga-Story,Contentcreator,add
Manga-Story,Finaluser,benefit
Manga-Story,Finaluser,browse
Manga-Story,Finaluser,contact
Manga-Story,Finaluser,login
Manga-Story,Finaluser,logout
Manga-Story,Finaluser,pay
Manga-Story,Finaluser,search
Manga-Story,Finaluser,search
Manga-Story,Finaluser,subscribe
Manga-Story,Finaluser,update
Manga-Story,Finaluser,update
Manga-Story,Finaluser,update
Manga-Story,Finaluser,view
Manga-Story,Finaluser,view
Manga-Story,Finaluser,view
Manga-Story,Finaluser,view
Manga-Story,Financialmanager,analyze
Manga-Story,Financialmanager,manage
Manga-Story,Financialmanager,manage
Manga-Story,Logisticsmanager,manage
Manga-Story,Logisticsmanager,manage
Manga-Story,Logisticsmanager,send
Manga-Story,sitemoderator,add
Manga-Story,Webdeveloper,update
SpiritOfManga,Administrator,login
SpiritOfManga,Administrator,update
SpiritOfManga,Administrator,update
SpiritOfManga,Administrator,update
SpiritOfManga,Administrator,view
SpiritOfManga,Contentcreator,add
SpiritOfManga,Contentcreator,delete
SpiritOfManga,Contentdesigner,update
SpiritOfManga,Finaluser,add
SpiritOfManga,Finaluser,add
SpiritOfManga,Finaluser,add
SpiritOfManga,Finaluser,add
SpiritOfManga,Finaluser,browse
SpiritOfManga,Finaluser,browse
SpiritOfManga,Finaluser,browse
SpiritOfManga,Finaluser,login
SpiritOfManga,Finaluser,manage
SpiritOfManga,Finaluser,offerforsale
SpiritOfManga,Finaluser,pay
SpiritOfManga,Finaluser,pay
SpiritOfManga,Finaluser,pay
SpiritOfManga,Finaluser,search
SpiritOfManga,Finaluser,subscribe
SpiritOfManga,Finaluser,update
SpiritOfManga,Finaluser,update
SpiritOfManga,Finaluser,update
SpiritOfManga,Finaluser,view
SpiritOfManga,Finaluser,view
SpiritOfManga,Finaluser,view
SpiritOfManga,Financialmanager,manage
SpiritOfManga,Financialmanager,manage
SpiritOfManga,Financialmanager,reject
SpiritOfManga,Intermediateseller,view
SpiritOfManga,Logisticsmanager,view
SpiritOfManga,Marketingmanager,add
SpiritOfManga,sitemoderator,delete
otakulounge,Administrator,delete
otakulounge,Administrator,update
otakulounge,Administrator,validate
otakulounge,Contentcreator,add
otakulounge,Contentcreator,update
otakulounge,Contentcreator,update
otakulounge,Contentdesigner,update
otakulounge,Customerrelationshipmanager,view
otakulounge,Finaluser,add
otakulounge,Finaluser,browse
otakulounge,Finaluser,contact
otakulounge,Finaluser,pay
otakulounge,Finaluser,search
otakulounge,Finaluser,search
otakulounge,Finaluser,signup
otakulounge,Finaluser,signup
otakulounge,Finaluser,subscribe
otakulounge,Finaluser,subscribe
otakulounge,Finaluser,subscribe
otakulounge,Finaluser,update
otakulounge,Finaluser,update
otakulounge,Finaluser,view
otakulounge,Finaluser,view
otakulounge,Gamedesigner,add
otakulounge,Marketingmanager,add
otakulounge,sitemoderator,add
otakulounge,Webdeveloper,update
MangaEvasion,Contentcreator,add
MangaEvasion,Contentdesigner,update
MangaEvasion,Finaluser,add
MangaEvasion,Finaluser,add
MangaEvasion,Finaluser,add
MangaEvasion,Finaluser,add
MangaEvasion,Finaluser,login
MangaEvasion,Finaluser,pay
MangaEvasion,Finaluser,search
MangaEvasion,Finaluser,search
MangaEvasion,Finaluser,subscribe
MangaEvasion,Finaluser,view
MangaEvasion,Finaluser,view
MangaEvasion,Finaluser,view
MangaEvasion,Finaluser,view
MangaEvasion,Finaluser,view
MangaEvasion,Finaluser,view
MangaEvasion,Financialmanager,reject
MangaEvasion,Financialmanager,validate
MangaEvasion,Logisticsmanager,manage
MangaEvasion,sitemoderator,delete
manga-center,Administrator,delete
manga-center,Contentcreator,add
manga-center,Contentcreator,add
manga-center,Contentcreator,delete
manga-center,Customerrelationshipmanager,view
manga-center,Finaluser,add
manga-center,Finaluser,login
manga-center,Finaluser,logout
manga-center,Finaluser,pay
manga-center,Finaluser,search
manga-center,Finaluser,search
manga-center,Finaluser,subscribe
manga-center,Finaluser,update
manga-center,Finaluser,view
manga-center,Finaluser,view
manga-center,Logisticsmanager,contact
manga-center,Logisticsmanager,manage
manga-center,Webdeveloper,secure
Anime-Store,Administrator,add
Anime-Store,Contentcreator,update
Anime-Store,Customerrelationshipmanager,view
Anime-Store,Distributor,contact
Anime-Store,Finaluser,add
Anime-Store,Finaluser,add
Anime-Store,Finaluser,add
Anime-Store,Finaluser,browse
Anime-Store,Finaluser,browse
Anime-Store,Finaluser,browse
Anime-Store,Finaluser,contact
Anime-Store,Finaluser,login
Anime-Store,Finaluser,pay
Anime-Store,Finaluser,search
Anime-Store,Finaluser,search
Anime-Store,Finaluser,search
Anime-Store,Finaluser,search
Anime-Store,Finaluser,subscribe
Anime-Store,Finaluser,update
Anime-Store,Finaluser,update
Anime-Store,Finaluser,update
Anime-Store,Finaluser,update
Anime-Store,Finaluser,view
Anime-Store,Finaluser,view
Anime-Store,Finaluser,view
Anime-Store,Finaluser,view
Anime-Store,Financialmanager,analyze
Anime-Store,Financialmanager,manage
Anime-Store,Financialmanager,validate
Anime-Store,Logisticsmanager,update
Anime-Store,sitemoderator,update
Anime-Store,Webdeveloper,secure
Amazon-manga,Contentcreator,update
Amazon-manga,Contentdesigner,update
Amazon-manga,Customerrelationshipmanager,answer
Amazon-manga,Customerrelationshipmanager,login
Amazon-manga,Customerrelationshipmanager,view
Amazon-manga,Finaluser,add
Amazon-manga,Finaluser,contact
Amazon-manga,Finaluser,login
Amazon-manga,Finaluser,pay
Amazon-manga,Finaluser,subscribe
Amazon-manga,Finaluser,view
Amazon-manga,Finaluser,view
Amazon-manga,Intermediateseller,login
Amazon-manga,Logisticsmanager,login
Amazon-manga,Logisticsmanager,manage
Amazon-manga,Logisticsmanager,print
Amazon-manga,Logisticsmanager,update
Amazon-manga,Logisticsmanager,view
Hadjime,Administrator,manage
Hadjime,Contentcreator,add
Hadjime,Contentdesigner,add
Hadjime,Contentdesigner,update
Hadjime,Finaluser,add
Hadjime,Finaluser,add
Hadjime,Finaluser,browse
Hadjime,Finaluser,contact
Hadjime,Finaluser,pay
Hadjime,Finaluser,search
Hadjime,Finaluser,update
Hadjime,Finaluser,view
Hadjime,Finaluser,view
Hadjime,Finaluser,view
Hadjime,Financialmanager,analyze
Hadjime,Financialmanager,manage
Hadjime,Logisticsmanager,manage
Hadjime,Logisticsmanager,manage
Hadjime,Logisticsmanager,send
Hadjime,Logisticsmanager,validate
Hadjime,Marketingmanager,add
Hadjime,Marketingmanager,add
Hadjime,Webdeveloper,update
Venum,Administrator,delete
Venum,Administrator,login
Venum,Contentcreator,update
Venum,Finaluser,add
Venum,Finaluser,browse
Venum,Finaluser,contact
Venum,Finaluser,login
Venum,Finaluser,pay
Venum,Finaluser,pay
Venum,Finaluser,search
Venum,Finaluser,subscribe
Venum,Finaluser,update
Venum,Finaluser,view
Venum,Finaluser,view
Venum,Finaluser,view
Venum,Intermediateseller,send
Venum,Logisticsmanager,manage
Venum,Logisticsmanager,update
Venum,Logisticsmanager,view
Venum,Webdeveloper,secure
kendo-sport,Administrator,view
kendo-sport,Contentcreator,update
kendo-sport,Customerrelationshipmanager,answer
kendo-sport,Finaluser,add
kendo-sport,Finaluser,add
kendo-sport,Finaluser,benefit
kendo-sport,Finaluser,browse
kendo-sport,Finaluser,contact
kendo-sport,Finaluser,delete
kendo-sport,Finaluser,pay
kendo-sport,Finaluser,pay
kendo-sport,Finaluser,search
kendo-sport,Finaluser,update
kendo-sport,Finaluser,update
kendo-sport,Finaluser,view
kendo-sport,Finaluser,view
kendo-sport,Logisticsmanager,manage
FUJISPORT,Contentcreator,add
FUJISPORT,Contentcreator,delete
FUJISPORT,Finaluser,add
FUJISPORT,Finaluser,benefit
FUJISPORT,Finaluser,browse
FUJISPORT,Finaluser,contact
FUJISPORT,Finaluser,login
FUJISPORT,Finaluser,pay
FUJISPORT,Finaluser,pay
FUJISPORT,Finaluser,search
FUJISPORT,Finaluser,subscribe
FUJISPORT,Finaluser,update
FUJISPORT,Finaluser,update
FUJISPORT,Finaluser,view
FUJISPORT,Finaluser,view
FUJISPORT,Finaluser,view
FUJISPORT,Finaluser,view
FUJISPORT,Finaluser,view
FUJISPORT,Finaluser,view
FUJISPORT,Logisticsmanager,contact
FUJISPORT,Logisticsmanager,view
budo-fight,Administrator,validate
budo-fight,Finaluser,add
budo-fight,Finaluser,add
budo-fight,Finaluser,add
budo-fight,Finaluser,add
budo-fight,Finaluser,browse
budo-fight,Finaluser,contact
budo-fight,Finaluser,login
budo-fight,Finaluser,login
budo-fight,Finaluser,login
budo-fight,Finaluser,login
budo-fight,Finaluser,logout
budo-fight,Finaluser,print
budo-fight,Finaluser,search
budo-fight,Finaluser,subscribe
budo-fight,Finaluser,update
budo-fight,Finaluser,update
budo-fight,Finaluser,update
budo-fight,Finaluser,view
budo-fight,Finaluser,view
budo-fight,Finaluser,view
budo-fight,Finaluser,view
budo-fight,Finaluser,view
karategi,Administrator,validate
karategi,Customerrelationshipmanager,answer
karategi,Finaluser,add
karategi,Finaluser,add
karategi,Finaluser,add
karategi,Finaluser,add
karategi,Finaluser,benefit
karategi,Finaluser,browse
karategi,Finaluser,contact
karategi,Finaluser,login
karategi,Finaluser,logout
karategi,Finaluser,pay
karategi,Finaluser,search
karategi,Finaluser,search
karategi,Finaluser,search
karategi,Finaluser,subscribe
karategi,Finaluser,update
karategi,Finaluser,update
karategi,Finaluser,update
karategi,Finaluser,update
karategi,Finaluser,view
karategi,Finaluser,view
karategi,Finaluser,view
karategi,Finaluser,view
karategi,Finaluser,view
dragonsports,Administrator,validate
dragonsports,Administrator,view
dragonsports,Contentcreator,add
dragonsports,Contentdesigner,add
dragonsports,Contentdesigner,update
dragonsports,Finaluser,add
dragonsports,Finaluser,add
dragonsports,Finaluser,askfor
dragonsports,Finaluser,contact
dragonsports,Finaluser,login
dragonsports,Finaluser,pay
dragonsports,Finaluser,pay
dragonsports,Finaluser,pay
dragonsports,Finaluser,search
dragonsports,Finaluser,select
dragonsports,Finaluser,unsubscribe
dragonsports,Finaluser,update
dragonsports,Finaluser,view
dragonsports,Finaluser,view
dragonsports,Financialmanager,manage
playstationStore,Contentcreator,add
playstationStore,Contentcreator,delete
playstationStore,Contentdesigner,add
playstationStore,Contentdesigner,update
playstationStore,Finaluser,add
playstationStore,Finaluser,add
playstationStore,Finaluser,add
playstationStore,Finaluser,add
playstationStore,Finaluser,browse
playstationStore,Finaluser,browse
playstationStore,Finaluser,contact
playstationStore,Finaluser,contact
playstationStore,Finaluser,delete
playstationStore,Finaluser,login
playstationStore,Finaluser,logout
playstationStore,Finaluser,pay
playstationStore,Finaluser,pay
playstationStore,Finaluser,pay
playstationStore,Finaluser,search
playstationStore,Finaluser,subscribe
playstationStore,Finaluser,subscribe
playstationStore,Finaluser,unsubscribe
playstationStore,Finaluser,update
playstationStore,Finaluser,update
playstationStore,LiveChatsupport,answer
playstationStore,Marketingmanager,view
playstationStore,Webdeveloper,update
dragonbleu,Administrator,manage
dragonbleu,Administrator,validate
dragonbleu,Customerrelationshipmanager,view
dragonbleu,Finaluser,add
dragonbleu,Finaluser,browse
dragonbleu,Finaluser,contact
dragonbleu,Finaluser,login
dragonbleu,Finaluser,pay
dragonbleu,Finaluser,print
dragonbleu,Finaluser,search
dragonbleu,Finaluser,subscribe
dragonbleu,Finaluser,update
dragonbleu,Finaluser,update
dragonbleu,Finaluser,update
dragonbleu,Finaluser,update
dragonbleu,Finaluser,view
dragonbleu,Finaluser,view
dragonbleu,Finaluser,view
dragonbleu,Logisticsmanager,view
dragonbleu,Logisticsmanager,view
club-shop,Contentcreator,add
club-shop,Contentcreator,view
club-shop,Finaluser,add
club-shop,Finaluser,add
club-shop,Finaluser,browse
club-shop,Finaluser,logout
club-shop,Finaluser,pay
club-shop,Finaluser,pay
club-shop,Finaluser,search
club-shop,Finaluser,subscribe
club-shop,Finaluser,update
club-shop,Finaluser,view
club-shop,Finaluser,view
club-shop,Finaluser,view
club-shop,Financialmanager,analyze
club-shop,lawyer,Update
club-shop,Logisticsmanager,view
LeCoinDuRing,Administrator,validate
LeCoinDuRing,Finaluser,add
LeCoinDuRing,Finaluser,askfor
LeCoinDuRing,Finaluser,benefit
LeCoinDuRing,Finaluser,contact
LeCoinDuRing,Finaluser,login
LeCoinDuRing,Finaluser,pay
LeCoinDuRing,Finaluser,pay
LeCoinDuRing,Finaluser,pay
LeCoinDuRing,Finaluser,pay
LeCoinDuRing,Finaluser,search
LeCoinDuRing,Finaluser,search
LeCoinDuRing,Finaluser,subscribe
LeCoinDuRing,Finaluser,subscribe
LeCoinDuRing,Finaluser,subscribe
LeCoinDuRing,Finaluser,update
LeCoinDuRing,Finaluser,view
LeCoinDuRing,Finaluser,view
LeCoinDuRing,Finaluser,view
LeCoinDuRing,Finaluser,view
LeCoinDuRing,Finaluser,view
LeCoinDuRing,Marketingmanager,add
Vitsport,Administrator,login
Vitsport,Administrator,manage
Vitsport,Finaluser,benefit
Vitsport,Finaluser,login
Vitsport,Finaluser,pay
Vitsport,Finaluser,pay
Vitsport,Finaluser,search
Vitsport,Finaluser,subscribe
Vitsport,Finaluser,update
Vitsport,Finaluser,update
Vitsport,Logisticsmanager,manage
Vitsport,Logisticsmanager,send
Vitsport,Logisticsmanager,update
Vitsport,Marketingmanager,add
Vitsport,Webdeveloper,update
kmj-sports,Contentcreator,add
kmj-sports,Contentcreator,delete
kmj-sports,Customerrelationshipmanager,answer
kmj-sports,Finaluser,add
kmj-sports,Finaluser,add
kmj-sports,Finaluser,add
kmj-sports,Finaluser,add
kmj-sports,Finaluser,add
kmj-sports,Finaluser,benefit
kmj-sports,Finaluser,browse
kmj-sports,Finaluser,contact
kmj-sports,Finaluser,pay
kmj-sports,Finaluser,search
kmj-sports,Finaluser,subscribe
kmj-sports,Finaluser,update
kmj-sports,Finaluser,update
kmj-sports,Finaluser,view
kmj-sports,Finaluser,view
kmj-sports,Finaluser,view
kmj-sports,Finaluser,view
kmj-sports,Finaluser,view
kmj-sports,Logisticsmanager,manage
kmj-sports,Marketingmanager,add
kmj-sports,Marketingmanager,add
BUDOFIGHT,Administrator,delete
BUDOFIGHT,Administrator,validate
BUDOFIGHT,Administrator,view
BUDOFIGHT,Finaluser,add
BUDOFIGHT,Finaluser,add
BUDOFIGHT,Finaluser,browse
BUDOFIGHT,Finaluser,login
BUDOFIGHT,Finaluser,login
BUDOFIGHT,Finaluser,pay
BUDOFIGHT,Finaluser,pay
BUDOFIGHT,Finaluser,pay
BUDOFIGHT,Finaluser,print
BUDOFIGHT,Finaluser,receive
BUDOFIGHT,Finaluser,search
BUDOFIGHT,Finaluser,search
BUDOFIGHT,Finaluser,subscribe
BUDOFIGHT,Finaluser,update
BUDOFIGHT,Finaluser,update
BUDOFIGHT,Finaluser,update
BUDOFIGHT,Finaluser,view
BUDOFIGHT,Finaluser,view
BUDOFIGHT,Finaluser,view
BUDOFIGHT,Logisticsmanager,update
BUDOFIGHT,Logisticsmanager,validate
BUDOFIGHT,Logisticsmanager,view
BUDOFIGHT,Marketingmanager,add
Kwon,Administrator,manage
Kwon,Contentcreator,add
Kwon,Contentcreator,delete
Kwon,Contentdesigner,update
Kwon,Finaluser,add
Kwon,Finaluser,add
Kwon,Finaluser,add
Kwon,Finaluser,contact
Kwon,Finaluser,login
Kwon,Finaluser,pay
Kwon,Finaluser,search
Kwon,Finaluser,select
Kwon,Finaluser,subscribe
Kwon,Finaluser,update
Kwon,Finaluser,update
Kwon,Finaluser,view
Kwon,Finaluser,view
Kwon,Finaluser,view
Kwon,Finaluser,view
Kwon,Finaluser,view
Kwon,Finaluser,view
Kwon,Finaluser,view
Kwon,Logisticsmanager,manage
Kwon,Logisticsmanager,update
Kwon,Marketingmanager,add
Kwon,Marketingmanager,view
MaitreRenard,Administrator,validate
MaitreRenard,Administrator,view
MaitreRenard,Contentcreator,view
MaitreRenard,Contentdesigner,update
MaitreRenard,Customerrelationshipmanager,answer
MaitreRenard,Finaluser,browse
MaitreRenard,Finaluser,contact
MaitreRenard,Finaluser,contact
MaitreRenard,Finaluser,login
MaitreRenard,Finaluser,search
MaitreRenard,Finaluser,update
MaitreRenard,Finaluser,view
MaitreRenard,Finaluser,view
MaitreRenard,Finaluser,view
MaitreRenard,Finaluser,view
MaitreRenard,Financialmanager,update
MaitreRenard,Webdeveloper,update
MaitreRenard,Webdeveloper,update
ludifolie,Administrator,validate
ludifolie,Administrator,view
ludifolie,Finaluser,add
ludifolie,Finaluser,add
ludifolie,Finaluser,add
ludifolie,Finaluser,add
ludifolie,Finaluser,browse
ludifolie,Finaluser,contact
ludifolie,Finaluser,login
ludifolie,Finaluser,pay
ludifolie,Finaluser,print
ludifolie,Finaluser,search
ludifolie,Finaluser,search
ludifolie,Finaluser,subscribe
ludifolie,Finaluser,subscribe
ludifolie,Finaluser,update
ludifolie,Finaluser,update
ludifolie,Finaluser,update
ludifolie,Finaluser,update
ludifolie,Finaluser,update
ludifolie,Finaluser,view
ludifolie,Finaluser,view
ludifolie,Finaluser,view
ludifolie,Finaluser,view
ludifolie,Finaluser,view
ludifolie,Webdeveloper,evaluate
Espritjeu,Contentcreator,add
Espritjeu,Contentcreator,add
Espritjeu,Contentcreator,delete
Espritjeu,Contentcreator,update
Espritjeu,Customerrelationshipmanager,answer
Espritjeu,Customerrelationshipmanager,view
Espritjeu,Finaluser,add
Espritjeu,Finaluser,add
Espritjeu,Finaluser,add
Espritjeu,Finaluser,browse
Espritjeu,Finaluser,contact
Espritjeu,Finaluser,login
Espritjeu,Finaluser,pay
Espritjeu,Finaluser,search
Espritjeu,Finaluser,subscribe
Espritjeu,Finaluser,subscribe
Espritjeu,Finaluser,update
Espritjeu,Finaluser,view
Espritjeu,Finaluser,view
Espritjeu,Finaluser,view
Espritjeu,Finaluser,view
Espritjeu,Finaluser,view
Espritjeu,Finaluser,view
Espritjeu,Finaluser,view
Espritjeu,Logisticsmanager,view
Espritjeu,Marketingmanager,add
Espritjeu,Webdeveloper,update
BoardgameGeek,Administrator,validate
BoardgameGeek,Contentcreator,add
BoardgameGeek,Contentdesigner,send
BoardgameGeek,Finaluser,add
BoardgameGeek,Finaluser,add
BoardgameGeek,Finaluser,add
BoardgameGeek,Finaluser,benefit
BoardgameGeek,Finaluser,browse
BoardgameGeek,Finaluser,contact
BoardgameGeek,Finaluser,login
BoardgameGeek,Finaluser,pay
BoardgameGeek,Finaluser,print
BoardgameGeek,Finaluser,receive
BoardgameGeek,Finaluser,search
BoardgameGeek,Finaluser,subscribe
BoardgameGeek,Finaluser,update
BoardgameGeek,Finaluser,update
BoardgameGeek,Finaluser,view
BoardgameGeek,Finaluser,view
BoardgameGeek,Finaluser,view
BoardgameGeek,Finaluser,view
BoardgameGeek,Finaluser,view
BoardgameGeek,Financialmanager,analyze
BoardgameGeek,Marketingmanager,add
BoardgameGeek,Marketingmanager,add
BoardgameGeek,sitemoderator,manage
Jeuxdumonde,Administrator,validate
Jeuxdumonde,Finaluser,add
Jeuxdumonde,Finaluser,add
Jeuxdumonde,Finaluser,askfor
Jeuxdumonde,Finaluser,browse
Jeuxdumonde,Finaluser,contact
Jeuxdumonde,Finaluser,pay
Jeuxdumonde,Finaluser,pay
Jeuxdumonde,Finaluser,pay
Jeuxdumonde,Finaluser,receive
Jeuxdumonde,Finaluser,receive
Jeuxdumonde,Finaluser,search
Jeuxdumonde,Finaluser,subscribe
Jeuxdumonde,Finaluser,subscribe
Jeuxdumonde,Finaluser,unsubscribe
Jeuxdumonde,Finaluser,update
Jeuxdumonde,Finaluser,view
Jeuxdumonde,Finaluser,view
Jeuxdumonde,Finaluser,view
Jeuxdumonde,Finaluser,view
Jeuxdumonde,Finaluser,view
Jeuxdumonde,Financialmanager,update
Jeuxdumonde,Logisticsmanager,manage
Jeuxdumonde,Logisticsmanager,manage
Jeuxdumonde,Logisticsmanager,view
Jeuxdumonde,Marketingmanager,add
philibert,Administrator,validate
philibert,Contentcreator,add
philibert,Contentcreator,delete
philibert,Finaluser,add
philibert,Finaluser,add
philibert,Finaluser,browse
philibert,Finaluser,contact
philibert,Finaluser,login
philibert,Finaluser,logout
philibert,Finaluser,search
philibert,Finaluser,select
philibert,Finaluser,subscribe
philibert,Finaluser,update
philibert,Finaluser,view
philibert,Finaluser,view
philibert,Finaluser,view
philibert,Finaluser,view
philibert,Finaluser,view
philibert,Financialmanager,update
philibert,Logisticsmanager,manage
philibert,Webdeveloper,develop
philibert,Webdeveloper,update
minnosdukkan,Administrator,validate
minnosdukkan,Contentcreator,add
minnosdukkan,Customerrelationshipmanager,answer
minnosdukkan,Finaluser,add
minnosdukkan,Finaluser,add
minnosdukkan,Finaluser,add
minnosdukkan,Finaluser,askfor
minnosdukkan,Finaluser,benefit
minnosdukkan,Finaluser,browse
minnosdukkan,Finaluser,contact
minnosdukkan,Finaluser,login
minnosdukkan,Finaluser,login
minnosdukkan,Finaluser,pay
minnosdukkan,Finaluser,pay
minnosdukkan,Finaluser,print
minnosdukkan,Finaluser,search
minnosdukkan,Finaluser,search
minnosdukkan,Finaluser,subscribe
minnosdukkan,Finaluser,subscribe
minnosdukkan,Finaluser,subscribe
minnosdukkan,Finaluser,update
minnosdukkan,Finaluser,update
minnosdukkan,Finaluser,update
minnosdukkan,Finaluser,view
minnosdukkan,Finaluser,view
minnosdukkan,Logisticsmanager,manage
minnosdukkan,sitemoderator,manage
minnosdukkan,Webdeveloper,update
Ludocortex,Contentcreator,add
Ludocortex,Finaluser,add
Ludocortex,Finaluser,add
Ludocortex,Finaluser,add
Ludocortex,Finaluser,add
Ludocortex,Finaluser,askfor
Ludocortex,Finaluser,browse
Ludocortex,Finaluser,pay
Ludocortex,Finaluser,receive
Ludocortex,Finaluser,search
Ludocortex,Finaluser,signup
Ludocortex,Finaluser,update
Ludocortex,Finaluser,update
Ludocortex,Finaluser,update
Ludocortex,Finaluser,view
Ludocortex,Finaluser,view
Ludocortex,Finaluser,view
Ludocortex,Finaluser,view
Ludocortex,Finaluser,view
Ludocortex,Financialmanager,analyze
Ludocortex,Gamedesigner,receive
Ludocortex,Intermediateseller,add
Ludocortex,Logisticsmanager,manage
Ludocortex,Marketingmanager,add
Ludocortex,Marketingmanager,add
Ludocortex,Marketingmanager,add
Ludocortex,Marketingmanager,add
Ludocortex,sitemoderator,manage
Ludocortex,Socialmediainfluencer,add
Ludocortex,Webdeveloper,secure
Ludocortex,Webdeveloper,update
lapouleapois,Administrator,validate
lapouleapois,Finaluser,add
lapouleapois,Finaluser,add
lapouleapois,Finaluser,browse
lapouleapois,Finaluser,contact
lapouleapois,Finaluser,login
lapouleapois,Finaluser,pay
lapouleapois,Finaluser,print
lapouleapois,Finaluser,search
lapouleapois,Finaluser,search
lapouleapois,Finaluser,subscribe
lapouleapois,Finaluser,update
lapouleapois,Finaluser,view
lapouleapois,Financialmanager,validate
Games-workshop,Administrator,delete
Games-workshop,Administrator,validate
Games-workshop,Contentcreator,add
Games-workshop,Contentcreator,delete
Games-workshop,Customerrelationshipmanager,view
Games-workshop,Finaluser,add
Games-workshop,Finaluser,add
Games-workshop,Finaluser,browse
Games-workshop,Finaluser,contact
Games-workshop,Finaluser,login
Games-workshop,Finaluser,pay
Games-workshop,Finaluser,pay
Games-workshop,Finaluser,print
Games-workshop,Finaluser,search
Games-workshop,Finaluser,search
Games-workshop,Finaluser,select
Games-workshop,Finaluser,select
Games-workshop,Finaluser,signup
Games-workshop,Finaluser,subscribe
Games-workshop,Finaluser,update
Games-workshop,Finaluser,update
Games-workshop,Finaluser,view
Games-workshop,Finaluser,view
Games-workshop,Finaluser,view
Games-workshop,Finaluser,view
Games-workshop,Gamedesigner,add
Games-workshop,Logisticsmanager,manage
Games-workshop,Marketingmanager,add
Games-workshop,sitemoderator,delete
Games-workshop,Webdeveloper,develop
Okkazeo,Administrator,validate
Okkazeo,Contentcreator,update
Okkazeo,Finaluser,add
Okkazeo,Finaluser,browse
Okkazeo,Finaluser,contact
Okkazeo,Finaluser,contact
Okkazeo,Finaluser,login
Okkazeo,Finaluser,makeanoffer
Okkazeo,Finaluser,offerforsale
Okkazeo,Finaluser,pay
Okkazeo,Finaluser,search
Okkazeo,Finaluser,select
Okkazeo,Finaluser,subscribe
Okkazeo,Finaluser,update
Okkazeo,Finaluser,view
Okkazeo,sitemoderator,manage
Okkazeo,Webdeveloper,evaluate
Okkazeo,Webdeveloper,secure
Magic-Ville,Administrator,manage
Magic-Ville,Contentdesigner,add
Magic-Ville,Finaluser,add
Magic-Ville,Finaluser,add
Magic-Ville,Finaluser,browse
Magic-Ville,Finaluser,contact
Magic-Ville,Finaluser,login
Magic-Ville,Finaluser,makeanoffer
Magic-Ville,Finaluser,offerforsale
Magic-Ville,Finaluser,pay
Magic-Ville,Finaluser,receive
Magic-Ville,Finaluser,search
Magic-Ville,Finaluser,subscribe
Magic-Ville,Finaluser,view
Magic-Ville,Finaluser,view
Magic-Ville,Finaluser,view
Magic-Ville,Financialmanager,analyze
toupies-beyblade,Contentcreator,add
toupies-beyblade,Finaluser,add
toupies-beyblade,Finaluser,add
toupies-beyblade,Finaluser,browse
toupies-beyblade,Finaluser,compare
toupies-beyblade,Finaluser,login
toupies-beyblade,Finaluser,logout
toupies-beyblade,Finaluser,pay
toupies-beyblade,Finaluser,search
toupies-beyblade,Finaluser,subscribe
toupies-beyblade,Finaluser,subscribe
toupies-beyblade,Finaluser,unsubscribe
toupies-beyblade,Finaluser,update
toupies-beyblade,Finaluser,update
toupies-beyblade,Finaluser,view
toupies-beyblade,Finaluser,view
toupies-beyblade,Finaluser,view
toupies-beyblade,Finaluser,view
toupies-beyblade,Finaluser,view
toupies-beyblade,Finaluser,view
toupies-beyblade,Finaluser,view
toupies-beyblade,Financialmanager,analyze
toupies-beyblade,Logisticsmanager,send
toupies-beyblade,Logisticsmanager,update
toupies-beyblade,Marketingmanager,update
toupies-beyblade,Webdeveloper,update
Ludocortex,Contentcreator,add
Ludocortex,Finaluser,add
Ludocortex,Finaluser,add
Ludocortex,Finaluser,add
Ludocortex,Finaluser,askfor
Ludocortex,Finaluser,browse
Ludocortex,Finaluser,pay
Ludocortex,Finaluser,receive
Ludocortex,Finaluser,search
Ludocortex,Finaluser,signup
Ludocortex,Finaluser,update
Ludocortex,Finaluser,update
Ludocortex,Finaluser,view
Ludocortex,Finaluser,view
Ludocortex,Finaluser,view
Ludocortex,Finaluser,view
Ludocortex,Finaluser,view
Ludocortex,Gamedesigner,add
Ludocortex,Gamedesigner,receive
Ludocortex,Intermediateseller,add
Ludocortex,Intermediateseller,view
Ludocortex,Logisticsmanager,manage
Ludocortex,Marketingmanager,add
Ludocortex,Marketingmanager,add
Ludocortex,Marketingmanager,add
Ludocortex,Marketingmanager,update
Ludocortex,Marketingmanager,view
Ludocortex,sitemoderator,manage
Ludocortex,Socialmediainfluencer,add
Ludocortex,Webdeveloper,secure
Ludocortex,Webdeveloper,update
TakaraTomy,Contentcreator,add
TakaraTomy,Finaluser,add
TakaraTomy,Finaluser,browse
TakaraTomy,Finaluser,select
TakaraTomy,Finaluser,subscribe
TakaraTomy,Finaluser,view
TakaraTomy,Finaluser,view
TakaraTomy,Intermediateseller,add
TakaraTomy,Intermediateseller,view
TakaraTomy,Investor,view
TakaraTomy,Logisticsmanager,update
TakaraTomy,Marketingmanager,add
TakaraTomy,Marketingmanager,add
TakaraTomy,Marketingmanager,view
leroliste,Administrator,manage
leroliste,Contentcreator,add
leroliste,Contentcreator,delete
leroliste,Finaluser,browse
leroliste,Finaluser,delete
leroliste,Finaluser,login
leroliste,Finaluser,search
leroliste,Finaluser,search
leroliste,Finaluser,subscribe
leroliste,Finaluser,update
leroliste,Finaluser,update
leroliste,Finaluser,view
leroliste,Finaluser,view
leroliste,Finaluser,view
leroliste,Finaluser,view
Play-in,Contentcreator,add
Play-in,Contentcreator,delete
Play-in,Contentcreator,update
Play-in,Customerrelationshipmanager,answer
Play-in,Finaluser,add
Play-in,Finaluser,add
Play-in,Finaluser,add
Play-in,Finaluser,contact
Play-in,Finaluser,login
Play-in,Finaluser,offerforsale
Play-in,Finaluser,pay
Play-in,Finaluser,search
Play-in,Finaluser,select
Play-in,Finaluser,subscribe
Play-in,Finaluser,subscribe
Play-in,Finaluser,view
Play-in,Finaluser,view
Play-in,Finaluser,view
Play-in,Finaluser,view
Play-in,Finaluser,view
Play-in,Finaluser,view
Play-in,Finaluser,view
Play-in,Finaluser,view
Play-in,Finaluser,view
Play-in,Financialmanager,analyze
Play-in,Financialmanager,update
Play-in,Intermediateseller,contact
Play-in,Logisticsmanager,manage
Play-in,Marketingmanager,add
Excalibur,Administrator,delete
Excalibur,Administrator,validate
Excalibur,Contentcreator,add
Excalibur,Contentcreator,delete
Excalibur,Finaluser,add
Excalibur,Finaluser,browse
Excalibur,Finaluser,login
Excalibur,Finaluser,pay
Excalibur,Finaluser,pay
Excalibur,Finaluser,print
Excalibur,Finaluser,receive
Excalibur,Finaluser,search
Excalibur,Finaluser,search
Excalibur,Finaluser,subscribe
Excalibur,Finaluser,update
Excalibur,Finaluser,update
Excalibur,Finaluser,view
Excalibur,Finaluser,view
Excalibur,Logisticsmanager,manage
Beljeux,Administrator,manage
Beljeux,Contentcreator,add
Beljeux,Contentcreator,delete
Beljeux,Contentdesigner,update
Beljeux,Finaluser,add
Beljeux,Finaluser,browse
Beljeux,Finaluser,delete
Beljeux,Finaluser,search
Beljeux,Finaluser,subscribe
Beljeux,Finaluser,view
Beljeux,Financialmanager,analyze
Beljeux,Logisticsmanager,manage
Beljeux,Marketingmanager,add
Beljeux,Marketingmanager,evaluate
Beljeux,Marketingmanager,search
Beljeux,sitemoderator,manage
Beljeux,Webdeveloper,update
cardmarket,Administrator,delete
cardmarket,Finaluser,add
cardmarket,Finaluser,browse
cardmarket,Finaluser,login
cardmarket,Finaluser,offerforsale
cardmarket,Finaluser,search
cardmarket,Finaluser,send
cardmarket,Finaluser,subscribe
cardmarket,Finaluser,update
cardmarket,Finaluser,update
cardmarket,Financialmanager,analyze
cardmarket,Logisticsmanager,view
cardmarket,Webdeveloper,update
MomoxShop,Administrator,manage
MomoxShop,Customerrelationshipmanager,view
MomoxShop,Finaluser,add
MomoxShop,Finaluser,browse
MomoxShop,Finaluser,pay
MomoxShop,Finaluser,search
MomoxShop,Finaluser,subscribe
MomoxShop,Finaluser,view
MomoxShop,Financialmanager,analyze
MomoxShop,Financialmanager,manage
MomoxShop,Logisticsmanager,manage
MomoxShop,Logisticsmanager,send
MomoxShop,Marketingmanager,add
gamecash,Contentcreator,add
gamecash,Customerrelationshipmanager,answer
gamecash,Finaluser,browse
gamecash,Finaluser,contact
gamecash,Finaluser,login
gamecash,Finaluser,pay
gamecash,Finaluser,search
gamecash,Finaluser,subscribe
gamecash,Finaluser,update
gamecash,Finaluser,view
gamecash,Finaluser,view
gamecash,Finaluser,view
gamecash,Financialmanager,analyze
gamecash,Financialmanager,manage
gamecash,Logisticsmanager,send
gamecash,Logisticsmanager,validate
gamecash,Marketingmanager,add
gamecash,Webdeveloper,develop
gamecash,Webdeveloper,manage
Kinguin ,Administrator,validate
Kinguin ,Contentdesigner,add
Kinguin ,Finaluser,add
Kinguin ,Finaluser,add
Kinguin ,Finaluser,add
Kinguin ,Finaluser,benefit
Kinguin ,Finaluser,contact
Kinguin ,Finaluser,contact
Kinguin ,Finaluser,offerforsale
Kinguin ,Finaluser,pay
Kinguin ,Finaluser,pay
Kinguin ,Finaluser,search
Kinguin ,Finaluser,subscribe
Kinguin ,Finaluser,view
Kinguin ,Financialmanager,analyze
Kinguin ,Marketingmanager,add
Kinguin ,Marketingmanager,delete
Kinguin ,Webdeveloper,develop
UbisoftStore,Contentcreator,add
UbisoftStore,Finaluser,add
UbisoftStore,Finaluser,add
UbisoftStore,Finaluser,add
UbisoftStore,Finaluser,benefit
UbisoftStore,Finaluser,pay
UbisoftStore,Finaluser,pay
UbisoftStore,Finaluser,pay
UbisoftStore,Finaluser,search
UbisoftStore,Finaluser,subscribe
UbisoftStore,Finaluser,subscribe
UbisoftStore,Financialmanager,analyze
UbisoftStore,Marketingmanager,add
EpicGames,Administrator,delete
EpicGames,Administrator,validate
EpicGames,Customerrelationshipmanager,answer
EpicGames,Finaluser,add
EpicGames,Finaluser,add
EpicGames,Finaluser,add
EpicGames,Finaluser,benefit
EpicGames,Finaluser,browse
EpicGames,Finaluser,contact
EpicGames,Finaluser,login
EpicGames,Finaluser,pay
EpicGames,Finaluser,search
EpicGames,Finaluser,select
EpicGames,Finaluser,subscribe
EpicGames,Finaluser,unsubscribe
EpicGames,Finaluser,update
EpicGames,Finaluser,update
EpicGames,Finaluser,view
EpicGames,Finaluser,view
EpicGames,Finaluser,view
EpicGames,Finaluser,view
CDKEYS,Administrator,login
CDKEYS,Contentcreator,add
CDKEYS,Contentcreator,delete
CDKEYS,Customerrelationshipmanager,answer
CDKEYS,Finaluser,add
CDKEYS,Finaluser,add
CDKEYS,Finaluser,browse
CDKEYS,Finaluser,contact
CDKEYS,Finaluser,contact
CDKEYS,Finaluser,delete
CDKEYS,Finaluser,login
CDKEYS,Finaluser,login
CDKEYS,Finaluser,logout
CDKEYS,Finaluser,pay
CDKEYS,Finaluser,search
CDKEYS,Finaluser,subscribe
CDKEYS,Finaluser,update
CDKEYS,Finaluser,update
CDKEYS,Finaluser,update
CDKEYS,Finaluser,view
CDKEYS,Finaluser,view
CDKEYS,Finaluser,view
CDKEYS,Finaluser,view
CDKEYS,Finaluser,view
CDKEYS,Financialmanager,manage
CDKEYS,Logisticsmanager,manage
EnebaStore,Contentcreator,add
EnebaStore,Contentcreator,delete
EnebaStore,Customerrelationshipmanager,answer
EnebaStore,Finaluser,add
EnebaStore,Finaluser,add
EnebaStore,Finaluser,add
EnebaStore,Finaluser,add
EnebaStore,Finaluser,browse
EnebaStore,Finaluser,contact
EnebaStore,Finaluser,login
EnebaStore,Finaluser,logout
EnebaStore,Finaluser,pay
EnebaStore,Finaluser,receive
EnebaStore,Finaluser,search
EnebaStore,Finaluser,select
EnebaStore,Finaluser,subscribe
EnebaStore,Finaluser,update
EnebaStore,Finaluser,view
EnebaStore,Finaluser,view
EnebaStore,Finaluser,view
EnebaStore,Finaluser,view
EnebaStore,Finaluser,view
EnebaStore,Webdeveloper,develop
Xbox,Finaluser,add
Xbox,Finaluser,contact
Xbox,Finaluser,contact
Xbox,Finaluser,login
Xbox,Finaluser,login
Xbox,Finaluser,pay
Xbox,Finaluser,search
Xbox,Finaluser,subscribe
Xbox,Finaluser,update
Xbox,Finaluser,update
Xbox,Finaluser,view
instant-gaming,Administrator,validate
instant-gaming,Contentcreator,add
instant-gaming,Customerrelationshipmanager,answer
instant-gaming,Finaluser,add
instant-gaming,Finaluser,add
instant-gaming,Finaluser,add
instant-gaming,Finaluser,browse
instant-gaming,Finaluser,browse
instant-gaming,Finaluser,contact
instant-gaming,Finaluser,login
instant-gaming,Finaluser,pay
instant-gaming,Finaluser,search
instant-gaming,Finaluser,subscribe
instant-gaming,Finaluser,update
instant-gaming,Finaluser,view
instant-gaming,Finaluser,view
instant-gaming,Marketingmanager,add
instant-gaming,Webdeveloper,update
Gog,Administrator,validate
Gog,Contentcreator,add
Gog,Contentcreator,delete
Gog,Finaluser,add
Gog,Finaluser,add
Gog,Finaluser,browse
Gog,Finaluser,contact
Gog,Finaluser,contact
Gog,Finaluser,contact
Gog,Finaluser,login
Gog,Finaluser,pay
Gog,Finaluser,print
Gog,Finaluser,receive
Gog,Finaluser,search
Gog,Finaluser,search
Gog,Finaluser,subscribe
Gog,Finaluser,update
Gog,Finaluser,view
Gog,Finaluser,view
Gog,Finaluser,view
Gog,Finaluser,view
Gog,Marketingmanager,add
Gog,sitemoderator,delete
Gog,sitemoderator,manage
G2A,Administrator,login
G2A,Customerrelationshipmanager,answer
G2A,Distributor,login
G2A,Distributor,pay
G2A,Distributor,validate
G2A,Finaluser,add
G2A,Finaluser,add
G2A,Finaluser,askfor
G2A,Finaluser,contact
G2A,Finaluser,login
G2A,Finaluser,pay
G2A,Finaluser,search
G2A,Finaluser,subscribe
G2A,Finaluser,subscribe
G2A,Finaluser,unsubscribe
G2A,Finaluser,update
G2A,Finaluser,view
G2A,Finaluser,view
G2A,Financialmanager,analyze
G2A,Financialmanager,login
G2A,Financialmanager,manage
G2A,Intermediateseller,add
G2A,Intermediateseller,login
G2A,sitemoderator,delete
G2A,sitemoderator,manage
itch.io,Finaluser,add
itch.io,Finaluser,add
itch.io,Finaluser,login
itch.io,Finaluser,pay
itch.io,Finaluser,search
itch.io,Finaluser,search
itch.io,Finaluser,search
itch.io,Finaluser,select
itch.io,Finaluser,subscribe
itch.io,Finaluser,update
itch.io,Finaluser,view
itch.io,sitemoderator,manage
itch.io,Webdeveloper,update
JustForGames,Administrator,manage
JustForGames,Contentcreator,add
JustForGames,Customerrelationshipmanager,answer
JustForGames,Finaluser,add
JustForGames,Finaluser,add
JustForGames,Finaluser,benefit
JustForGames,Finaluser,login
JustForGames,Finaluser,search
JustForGames,Finaluser,search
JustForGames,Finaluser,subscribe
JustForGames,Finaluser,update
JustForGames,Finaluser,view
JustForGames,Finaluser,view
JustForGames,Financialmanager,manage
JustForGames,Logisticsmanager,manage
JustForGames,Logisticsmanager,send
JustForGames,Marketingmanager,view
steam,Customerrelationshipmanager,answer
steam,Finaluser,add
steam,Finaluser,add
steam,Finaluser,add
steam,Finaluser,browse
steam,Finaluser,login
steam,Finaluser,pay
steam,Finaluser,search
steam,Finaluser,search
steam,Finaluser,select
steam,Finaluser,subscribe
steam,Finaluser,update
steam,Finaluser,update
steam,Finaluser,view
steam,Logisticsmanager,manage
steam,sitemoderator,manage
steam,Webdeveloper,update